"survived","pclass","sex","age","sibsp","parch","embarked","family"
"0","3","male",34.5,0,0,"Q",1
"1","3","female",47,1,0,"S",2
"0","2","male",62,0,0,"Q",1
"0","3","male",27,0,0,"S",1
"1","3","female",22,1,1,"S",3
"0","3","male",14,0,0,"S",1
"1","3","female",30,0,0,"Q",1
"0","2","male",26,1,1,"S",3
"1","3","female",18,0,0,"C",1
"0","3","male",21,2,0,"S",3
"0","3","male",28.7147683710139,0,0,"S",1
"0","1","male",46,0,0,"S",1
"1","1","female",23,1,0,"S",2
"0","2","male",63,1,0,"S",2
"1","1","female",47,1,0,"S",2
"1","2","female",24,1,0,"C",2
"0","2","male",35,0,0,"Q",1
"0","3","male",21,0,0,"C",1
"1","3","female",27,1,0,"S",2
"1","3","female",45,0,0,"C",1
"0","1","male",55,1,0,"C",2
"1","3","male",9,0,1,"S",2
"1","1","female",43.5161317530372,0,0,"S",1
"0","1","male",21,0,1,"C",2
"1","1","female",48,1,3,"C",5
"0","3","male",50,1,0,"S",2
"1","1","female",22,0,1,"C",2
"0","3","male",22.5,0,0,"C",1
"0","1","male",41,0,0,"S",1
"0","3","male",28.7147683710139,2,0,"C",3
"0","2","male",50,1,0,"S",2
"0","2","male",24,2,0,"S",3
"1","3","female",33,1,2,"S",4
"1","3","female",31.1389216369278,1,2,"S",4
"0","1","male",30,1,0,"C",2
"0","3","male",18.5,0,0,"C",1
"1","3","female",17.5937192998952,0,0,"S",1
"1","3","female",21,0,0,"S",1
"0","3","male",25,0,0,"S",1
"0","3","male",28.7147683710139,0,0,"S",1
"0","3","male",39,0,1,"C",2
"0","1","male",41.0919784871233,0,0,"S",1
"0","3","male",41,0,0,"S",1
"1","2","female",30,0,0,"S",1
"1","1","female",45,1,0,"S",2
"0","3","male",25,0,0,"S",1
"0","1","male",45,0,0,"C",1
"0","3","male",28.7147683710139,0,0,"Q",1
"1","1","female",60,0,0,"C",1
"1","3","female",36,0,2,"S",3
"0","1","male",24,1,0,"S",2
"0","2","male",27,0,0,"C",1
"1","2","female",20,2,1,"S",4
"1","1","female",28,3,2,"S",6
"0","2","male",31.790883999588,0,0,"C",1
"0","3","male",10,4,1,"Q",6
"0","3","male",35,0,0,"S",1
"0","3","male",25,0,0,"S",1
"0","3","male",28.7147683710139,1,0,"S",2
"1","1","female",36,0,0,"C",1
"0","3","male",17,0,0,"S",1
"0","2","male",32,0,0,"S",1
"0","3","male",18,0,0,"S",1
"1","3","female",22,0,0,"Q",1
"0","1","male",13,2,2,"C",5
"1","2","female",34.2150372655019,0,0,"S",1
"1","3","female",18,0,0,"Q",1
"0","1","male",47,0,0,"S",1
"0","1","male",31,0,0,"C",1
"1","1","female",60,1,4,"S",6
"1","3","female",24,0,0,"Q",1
"0","3","male",21,0,0,"S",1
"1","3","female",29,0,0,"S",1
"0","1","male",28.5,0,0,"C",1
"1","1","female",35,0,0,"C",1
"0","1","male",32.5,0,0,"C",1
"0","3","male",28.7147683710139,0,0,"S",1
"1","1","female",55,2,0,"S",3
"0","2","male",30,0,0,"S",1
"1","3","female",24,0,0,"Q",1
"1","3","male",6,1,1,"C",3
"0","1","male",67,1,0,"S",2
"0","1","male",49,0,0,"S",1
"0","3","male",28.7147683710139,0,0,"S",1
"0","2","male",31.790883999588,0,0,"Q",1
"0","3","male",28.7147683710139,1,0,"C",2
"1","3","female",27,0,0,"Q",1
"1","3","female",18,0,0,"S",1
"1","3","female",24.9238843714259,0,0,"Q",1
"1","2","male",2,1,1,"S",3
"1","3","female",22,1,0,"S",2
"0","3","male",28.7147683710139,0,0,"S",1
"1","1","female",27,1,2,"S",4
"0","3","male",28.7147683710139,0,0,"S",1
"0","1","male",25,0,0,"C",1
"0","3","male",25,0,0,"S",1
"1","1","female",76,1,0,"S",2
"0","3","male",29,0,0,"S",1
"1","3","female",20,0,0,"S",1
"0","3","male",33,0,0,"S",1
"1","1","female",43,1,0,"C",2
"0","2","male",27,1,0,"S",2
"0","3","male",28.7147683710139,0,0,"Q",1
"0","3","male",26,0,0,"S",1
"1","3","female",16,1,1,"C",3
"0","3","male",28,0,0,"S",1
"0","3","male",21,0,0,"Q",1
"0","3","male",28.7147683710139,0,0,"Q",1
"0","3","male",28.7147683710139,0,0,"S",1
"0","2","male",18.5,0,0,"S",1
"0","2","male",41,0,0,"C",1
"1","3","female",17.5937192998952,0,0,"Q",1
"1","1","female",36,0,0,"C",1
"1","3","female",18.5,0,0,"Q",1
"1","1","female",63,1,0,"S",2
"0","3","male",18,1,0,"C",2
"0","3","male",28.7147683710139,0,0,"C",1
"1","3","female",1,1,1,"S",3
"0","1","male",36,0,0,"C",1
"1","2","female",29,1,0,"S",2
"1","2","female",12,0,0,"S",1
"0","3","male",28.7147683710139,1,0,"Q",2
"1","1","female",35,1,0,"C",2
"0","3","male",28,0,0,"S",1
"0","3","male",28.7147683710139,0,0,"Q",1
"1","3","female",17,0,1,"S",2
"0","3","male",22,0,0,"S",1
"1","3","female",17.5937192998952,2,0,"Q",3
"0","2","male",42,0,0,"S",1
"0","3","male",24,0,0,"S",1
"0","3","male",32,0,0,"S",1
"0","1","male",53,0,0,"C",1
"0","3","female",31.1389216369278,0,4,"S",5
"0","3","male",28.7147683710139,1,0,"C",2
"0","3","male",43,0,0,"S",1
"0","3","male",24,0,0,"S",1
"0","3","male",26.5,0,0,"C",1
"0","2","male",26,0,0,"S",1
"1","3","female",23,0,0,"S",1
"0","3","male",40,1,6,"S",8
"0","3","female",10,5,2,"S",8
"1","1","female",33,0,0,"S",1
"0","1","male",61,1,3,"C",5
"0","2","male",28,0,0,"S",1
"0","1","male",42,0,0,"S",1
"0","3","male",31,3,0,"S",4
"0","1","male",41.0919784871233,0,0,"S",1
"0","3","male",22,0,0,"S",1
"0","1","male",41.0919784871233,0,0,"S",1
"0","2","male",30,1,1,"S",3
"1","1","female",23,0,1,"C",2
"0","3","male",28.7147683710139,0,0,"C",1
"0","3","male",60.5,0,0,"S",1
"1","3","female",36,0,2,"S",3
"0","3","male",13,4,2,"S",7
"0","3","male",24,0,0,"S",1
"1","1","female",29,0,0,"S",1
"1","3","female",23,0,0,"S",1
"0","1","male",42,0,0,"S",1
"1","3","female",26,0,2,"S",3
"1","3","female",17.5937192998952,0,0,"Q",1
"1","3","male",7,1,1,"C",3
"1","2","female",26,0,0,"S",1
"0","3","male",28.7147683710139,0,0,"S",1
"0","2","male",41,0,0,"S",1
"1","3","female",26,1,1,"S",3
"0","1","male",48,0,0,"C",1
"0","3","male",18,2,2,"S",5
"1","1","female",43.5161317530372,0,0,"C",1
"1","3","female",22,0,0,"S",1
"0","3","male",28.7147683710139,0,0,"S",1
"0","3","male",27,0,0,"C",1
"0","3","male",23,1,0,"S",2
"0","3","male",28.7147683710139,0,0,"C",1
"0","3","male",40,1,5,"S",7
"1","2","female",15,0,2,"S",3
"1","2","female",20,0,0,"S",1
"0","1","male",54,1,0,"C",2
"1","2","female",36,0,3,"S",4
"1","1","female",64,0,2,"C",3
"0","2","male",30,0,0,"S",1
"0","1","male",37,1,1,"C",3
"1","1","female",18,1,0,"S",2
"0","3","male",28.7147683710139,0,0,"Q",1
"1","1","female",27,1,1,"C",3
"0","2","male",40,0,0,"S",1
"1","2","female",21,0,1,"S",2
"0","3","male",17,2,0,"S",3
"0","3","female",17.5937192998952,8,2,"S",11
"0","2","male",40,0,0,"S",1
"0","2","male",34,1,0,"S",2
"0","1","male",41.0919784871233,0,0,"S",1
"1","3","male",11.5,1,1,"S",3
"0","2","male",61,0,0,"Q",1
"1","2","male",8,0,2,"S",3
"0","3","male",33,0,0,"S",1
"1","1","male",6,0,2,"C",3
"1","3","female",18,0,0,"S",1
"0","2","male",23,0,0,"S",1
"1","3","female",31.1389216369278,0,0,"S",1
"1","3","female",17.5937192998952,0,0,"Q",1
"1","3","male",0.33,0,2,"S",3
"0","1","male",47,1,0,"C",2
"1","2","female",8,1,1,"S",3
"0","2","male",25,0,0,"S",1
"0","1","male",41.0919784871233,0,0,"C",1
"1","3","female",35,0,0,"Q",1
"0","2","male",24,0,0,"S",1
"1","1","female",33,0,0,"C",1
"0","3","male",25,0,0,"S",1
"0","3","male",32,0,0,"S",1
"0","3","male",28.7147683710139,0,0,"S",1
"0","2","male",17,0,0,"S",1
"1","2","female",60,1,0,"S",2
"0","3","female",38,4,2,"S",7
"0","1","male",42,0,0,"S",1
"1","3","female",17.5937192998952,0,0,"Q",1
"0","1","male",57,1,1,"S",3
"1","1","female",50,1,1,"C",3
"0","3","male",28.7147683710139,0,0,"S",1
"1","2","female",30,1,0,"C",2
"0","3","male",21,0,0,"S",1
"1","2","female",22,0,0,"S",1
"0","3","male",21,0,0,"S",1
"1","1","female",53,0,0,"C",1
"1","3","female",31.1389216369278,0,2,"C",3
"0","3","male",23,0,0,"S",1
"1","3","female",17.5937192998952,0,0,"Q",1
"0","3","male",40.5,0,0,"S",1
"0","2","male",36,0,0,"S",1
"0","2","male",14,0,0,"S",1
"1","1","female",21,0,0,"S",1
"0","3","male",21,1,0,"S",2
"0","3","male",28.7147683710139,0,0,"Q",1
"0","1","male",39,1,0,"C",2
"0","3","male",20,0,0,"S",1
"0","1","male",64,1,0,"C",2
"0","3","male",20,0,0,"C",1
"1","2","female",18,1,1,"S",3
"1","1","female",48,1,0,"C",2
"1","1","female",55,0,0,"C",1
"1","2","female",45,0,2,"S",3
"0","1","male",45,1,1,"C",3
"0","3","male",28.7147683710139,0,0,"S",1
"1","3","male",3.67654108500204,1,2,"S",4
"0","1","male",41,1,0,"S",2
"1","2","female",22,0,0,"S",1
"0","2","male",42,1,1,"S",3
"1","2","female",29,1,0,"S",2
"1","3","female",31.1389216369278,1,0,"C",2
"1","2","female",0.92,1,2,"S",4
"0","3","male",20,0,0,"S",1
"0","1","male",27,1,0,"C",2
"0","3","male",24,0,0,"S",1
"0","3","male",32.5,0,0,"S",1
"0","3","male",28.7147683710139,0,0,"S",1
"0","3","male",28.7147683710139,0,0,"Q",1
"0","3","male",28,0,0,"S",1
"1","2","female",19,0,0,"S",1
"0","3","male",21,0,0,"S",1
"0","3","male",36.5,1,0,"S",2
"0","3","male",21,0,0,"S",1
"1","2","female",29,0,2,"S",3
"1","3","female",1,1,1,"S",3
"0","2","male",30,0,0,"C",1
"0","3","male",28.7147683710139,0,0,"S",1
"0","1","male",41.0919784871233,0,0,"S",1
"0","3","male",28.7147683710139,0,0,"S",1
"1","3","female",17.5937192998952,0,0,"S",1
"0","3","male",17,0,0,"S",1
"0","1","male",46,0,0,"C",1
"0","3","male",28.7147683710139,0,0,"Q",1
"1","1","female",26,1,0,"C",2
"1","3","female",17.5937192998952,1,0,"Q",2
"0","3","male",28.7147683710139,0,0,"C",1
"1","2","female",20,1,0,"S",2
"0","2","male",28,0,0,"S",1
"0","2","male",40,1,0,"S",2
"0","2","male",30,1,0,"S",2
"0","2","male",22,0,0,"S",1
"1","3","female",23,0,0,"S",1
"1","3","male",0.75,1,1,"S",3
"1","3","female",17.5937192998952,0,0,"Q",1
"1","3","female",9,1,1,"C",3
"1","3","female",2,1,1,"S",3
"0","3","male",36,0,0,"S",1
"0","3","male",28.7147683710139,0,0,"S",1
"0","1","male",24,1,0,"S",2
"0","3","male",28.7147683710139,0,0,"C",1
"0","3","male",28.7147683710139,0,0,"S",1
"0","1","male",41.0919784871233,0,0,"S",1
"1","3","female",30,0,0,"Q",1
"0","3","male",28.7147683710139,0,0,"C",1
"0","1","male",53,1,1,"S",3
"0","3","male",36,0,0,"S",1
"0","3","male",26,0,0,"S",1
"1","2","female",1,1,2,"C",4
"0","3","male",28.7147683710139,2,0,"C",3
"0","1","male",30,0,0,"S",1
"0","3","male",29,0,0,"S",1
"0","3","male",32,0,0,"S",1
"0","2","male",31.790883999588,0,0,"C",1
"0","2","male",43,0,1,"S",2
"0","3","male",24,0,0,"S",1
"1","3","female",17.5937192998952,0,0,"Q",1
"1","1","female",64,1,1,"S",3
"0","1","male",30,1,2,"S",4
"1","3","male",0.83,0,1,"S",2
"0","1","male",55,1,1,"S",3
"1","3","female",45,1,0,"S",2
"0","3","male",18,0,0,"S",1
"0","3","male",22,0,0,"C",1
"0","3","male",28.7147683710139,0,0,"S",1
"1","3","female",37,0,0,"Q",1
"1","1","female",55,0,0,"C",1
"1","3","female",17,0,0,"Q",1
"0","1","male",57,1,0,"C",2
"0","2","male",19,0,0,"S",1
"0","3","male",27,0,0,"S",1
"0","2","male",22,2,0,"S",3
"0","3","male",26,0,0,"S",1
"0","3","male",25,0,0,"C",1
"0","2","male",26,0,0,"S",1
"0","1","male",33,0,0,"S",1
"1","1","female",39,0,0,"S",1
"0","3","male",23,0,0,"S",1
"1","2","female",12,2,1,"S",4
"0","1","male",46,0,0,"C",1
"0","2","male",29,1,0,"S",2
"0","2","male",21,0,0,"S",1
"1","2","female",48,0,2,"S",3
"0","1","male",39,0,0,"C",1
"0","3","male",28.7147683710139,0,0,"C",1
"1","3","female",19,1,1,"C",3
"0","3","male",27,0,0,"S",1
"0","1","male",30,0,0,"S",1
"0","2","male",32,0,0,"S",1
"0","3","male",39,0,2,"C",3
"0","2","male",25,0,0,"S",1
"1","3","male",3.67654108500204,0,0,"C",1
"0","2","male",18,0,0,"S",1
"0","3","male",32,0,0,"S",1
"0","3","male",28.7147683710139,1,9,"S",11
"1","1","female",58,0,1,"C",2
"1","3","male",3.67654108500204,1,1,"S",3
"1","3","female",16,0,0,"S",1
"0","2","male",26,0,0,"S",1
"1","3","female",38,0,0,"C",1
"0","2","male",24,0,0,"S",1
"1","2","female",31,0,0,"S",1
"1","1","female",45,0,1,"C",2
"0","2","male",25,0,0,"S",1
"0","2","male",18,0,0,"S",1
"0","2","male",49,1,2,"S",4
"1","3","female",0.17,1,2,"S",4
"0","1","male",50,0,0,"S",1
"1","1","female",59,2,0,"S",3
"0","3","male",28.7147683710139,0,0,"S",1
"0","3","male",28.7147683710139,0,0,"Q",1
"1","3","female",30,1,0,"S",2
"0","3","male",14.5,8,2,"S",11
"1","2","female",24,1,1,"C",3
"1","2","female",31,0,0,"S",1
"0","3","male",27,0,0,"S",1
"1","1","female",25,1,0,"C",2
"0","3","female",31.1389216369278,1,9,"S",11
"0","3","male",28.7147683710139,1,0,"C",2
"1","3","female",22,0,0,"S",1
"1","1","female",45,0,1,"C",2
"0","2","male",29,0,0,"C",1
"0","2","male",21,1,0,"S",2
"1","1","female",31,0,0,"C",1
"0","1","male",49,0,0,"S",1
"0","2","male",44,0,0,"S",1
"1","1","female",54,1,1,"S",3
"1","1","female",45,0,0,"C",1
"1","3","female",22,2,0,"S",3
"0","2","male",21,0,0,"S",1
"0","1","male",55,0,0,"S",1
"0","3","male",5,4,2,"S",7
"0","3","male",28.7147683710139,0,0,"Q",1
"0","3","male",26,0,0,"Q",1
"1","3","female",31.1389216369278,0,0,"S",1
"1","3","female",19,1,0,"S",2
"0","2","male",31.790883999588,0,0,"S",1
"1","2","female",24,1,2,"S",4
"0","3","male",24,0,0,"S",1
"0","2","male",57,0,0,"S",1
"0","3","male",21,0,0,"Q",1
"0","3","male",6,3,1,"S",5
"0","1","male",23,0,0,"S",1
"1","1","female",51,0,1,"S",2
"0","3","male",13,0,2,"S",3
"0","2","male",47,0,0,"S",1
"0","3","male",29,3,1,"S",5
"1","1","female",18,1,0,"S",2
"0","3","male",24,0,0,"Q",1
"1","1","female",48,1,1,"C",3
"0","3","male",22,0,0,"S",1
"0","3","male",31,0,0,"Q",1
"1","1","female",30,0,0,"S",1
"0","2","male",38,1,0,"S",2
"1","1","female",22,0,1,"C",2
"0","1","male",17,0,0,"S",1
"0","1","male",43,1,0,"C",2
"0","2","male",20,0,0,"C",1
"0","2","male",23,1,0,"S",2
"0","1","male",50,1,1,"C",3
"1","3","female",17.5937192998952,0,0,"Q",1
"1","3","female",3,1,1,"S",3
"1","3","female",17.5937192998952,0,0,"Q",1
"1","1","female",37,1,0,"Q",2
"1","3","female",28,0,0,"S",1
"0","3","male",28.7147683710139,0,0,"S",1
"1","1","female",39,0,0,"C",1
"0","3","male",38.5,0,0,"S",1
"0","3","male",28.7147683710139,0,0,"S",1
"1","3","male",3.67654108500204,1,1,"C",3
